"year","total_value"
"2018","18781079.639593"
"2024","18557286.590233"
"2023","18262655.860175"
"2019","18525109.970295"
"2021","18086936.706951"
"2020","17691764.842223"
"2022","18301969.835941"
