"trade_type","total_tons","total_value"
1,"17656365.758472","14980560.576043"
2,"1138566.662059","2444857.937884"
3,"1129611.220823","1131868.076306"
