"year","total"
"2018","20133852.190668"
"2019","19989886.019411"
"2020","19072011.314944"
"2021","19617075.891450"
"2022","19755320.347753"
"2023","19937264.870103"
"2024","19924543.641354"
