trade_type,total_tons,total_value
Domestic,17656365.758472,14980560.576043
Export,1138566.662059,2444857.937884
Import,1129611.220823,1131868.076306